LatestNews-timestamp,title,link
27 Min Ago,European markets set for flat open as sentiment wavers; inflation data ahead,https://www.cnbc.com/2025/09/02/european-markets-on-tues-sept-2-euro-zone-inflation-data-.html
32 Min Ago,SCO summit 2025: Key takeaways from Beijing’s push to reshape global order,https://www.cnbc.com/2025/09/02/sco-summit-2025-key-takeaways.html
40 Min Ago,Last orders at the bar? British pubs face closures as cost pressures rise,https://www.cnbc.com/2025/09/02/british-pubs-face-closures-as-cost-pressures-rise.html
2 Hours Ago,Pickleball is just getting started in China,https://www.cnbc.com/2025/09/02/pickleball-is-just-getting-started-in-china.html
4 Hours Ago,Trump calls India-U.S. trade relationship 'a totally one sided disaster' after Modi visits China,https://www.cnbc.com/2025/09/02/trump-india-us-china-tariffs-trade.html
5 Hours Ago,"Even if the U.S. Supreme Court rules tariffs illegal, the case for them might not be closed",https://www.cnbc.com/2025/09/02/cnbc-daily-open-trump-administration-has-backup-plans-for-tariffs.html
6 Hours Ago,Asia markets trade mixed as investors assess SCO summit,https://www.cnbc.com/2025/09/02/asia-stock-markets-today-live-updates-nikkei-225-asx-200-kospi-hang-seng-csi-300-sensex-nifty-50.html
8 Hours Ago,Stock futures are little changed to start September with new uncertainty about tariffs after court decision,https://www.cnbc.com/2025/09/01/stock-market-today-live-updates.html
15 Hours Ago,'Gaza Riviera’: Post-war redevelopment plan sees 'voluntary relocation' of millions,https://www.cnbc.com/2025/09/01/gaza-riviera-trump-administration-weighs-post-war-redevelopment-plan.html
15 Hours Ago,Trump's immigration push puts California's immigrant labor force at risk,https://www.cnbc.com/2025/09/01/trump-california-newsom-immigrant-workers.html
15 Hours Ago,Trump: Drugmakers must 'justify the success' of Covid meds after FDA limits vaccines,https://www.cnbc.com/2025/09/01/trump-covid-vaccines-cdc-rfk.html
16 Hours Ago,"Self-made millionaire money coach: 'If you can't afford a 15-year mortgage, you can't afford the home'",https://www.cnbc.com/2025/09/01/self-made-millionaire-money-coach-if-you-cant-afford-a-15-year-mortgage-you-cant-afford-the-home.html
16 Hours Ago,"If you want your kid to be successful, teach them this skill 'early': Award-winning professor",https://www.cnbc.com/2025/09/01/parents-should-teach-kids-this-no-1-skill-as-early-as-possible-to-make-them-successful-harvard-fellow.html
17 Hours Ago,"‘Sustainable ambition’ is the key to success, two-time founder says",https://www.cnbc.com/2025/09/01/sustainable-ambition-is-the-key-to-success-two-time-founder-says.html
17 Hours Ago,Wegovy trial result gives boost to Novo Nordisk amid U.S. market woes,https://www.cnbc.com/2025/09/01/wegovy-heart-disease-trial-gives-boost-to-novo-nordisk-amid-us-woes.html
17 Hours Ago,"Behind the smiles with Putin, Modi and Xi at China summit",https://www.cnbc.com/2025/09/01/behind-the-beijing-smiles-with-putin-modi-and-xi.html
17 Hours Ago,Historic change in how Americans buy groceries underway as SNAP cuts begin,https://www.cnbc.com/2025/09/01/snap-benefit-cuts-americans-food-grocery-shopping.html
17 Hours Ago,An Iowa nuclear plant is the next candidate to restart thanks to AI power demand,https://www.cnbc.com/2025/09/01/nuclear-duane-arnold-nextera-nee-tech-data-center-ai.html
18 Hours Ago,Plane carrying EU leader hit with suspected Russian GPS interference,https://www.cnbc.com/2025/09/01/russia-suspected-of-jamming-gps-system-of-eu-leaders-plane.html
18 Hours Ago,I'm a CFP and personal finance reporter. How I plan for open enrollment,https://www.cnbc.com/2025/09/01/cfp-personal-finance-reporter-open-enrollment.html
20 Hours Ago,Oil giant Equinor backs Orsted as Trump lashes out at offshore wind industry,https://www.cnbc.com/2025/09/01/equinor-backs-orsted-after-trump-ramps-up-attacks-on-offshore-wind.html
20 Hours Ago,Trump keeps threatening to punish Putin. Here's what's holding him back,https://www.cnbc.com/2025/09/01/why-does-trump-hold-back-on-punishing-russia-and-putin.html
22 Hours Ago,"Indonesia's stocks fall, currency weakens as protests dent sentiment",https://www.cnbc.com/2025/09/01/indonesias-stocks-fall-currency-weakens-as-protests-dent-sentiment.html
22 Hours Ago,"Alibaba shares jump 19% on cloud unit acceleration, report of new AI chip",https://www.cnbc.com/2025/09/01/alibaba-shares-hong-kong-today.html
23 Hours Ago,Thailand could face more chaos after its prime minister's removal,https://www.cnbc.com/2025/09/01/thailand-could-face-more-chaos-after-prime-ministers-removal-.html
23 Hours Ago,Most Trump tariffs ruled illegal — but that might increase uncertainty for businesses,https://www.cnbc.com/2025/09/01/cnbc-daily-open-most-tariffs-ruled-illegal-that-might-increase-uncertainty.html
"September 1, 2025",European markets climb as UK-Norway warship deal lifts defense shares,https://www.cnbc.com/2025/09/01/european-markets-on-mon-septpoint1-stoxx-600-ftse-dax-data.html
